action	mean	min	max
0	0.5675594191837512	0.0	3.7614611916597194
1	0.49710028358436814	0.0	2.707421950056615
2	0.2605778921969568	0.0	0.9824141842345989
