strategy	regret
uniform	125.81355419539247
just-0	0.0
just-1	70.45913559938305
just-2	306.9815269867944
actual	43.40149806048373
